"","gender","percent_leave","sample_size"
"1","coed",0.393939393939394,33
"2","Female",0.381889763779528,254
"3","Male",0.392961876832845,341
