"","year_actual","percent_leave","sample_size"
"1","2021",0.343137254901961,204
"2","2022",0.380530973451327,226
"3","2023",0.458333333333333,192
"4","2024",0,6
