,Season,percent_leave,sample_size
0,Fall,0.37888198757763975,161
1,Winter,0.294478527607362,163
2,Spring,0.4440789473684211,304
