"","gender","percent_leave","n"
"1","Male",0.459770114942529,87
"2","Female",0.343478260869565,230
