"","year","percent_leave","sample_size"
"1",2021,0,80
"2",2022,0.355140186915888,107
"3",2023,0.483870967741935,93
"4",2024,0.972972972972973,37
